tick,elapsed_t_s,elapsed_t_hr,distance_km,actual_spd_kmh,target_kmh,actual_soc_pct,plan_spd_kmh,plan_soc_pct,spd_err_kmh,soc_err_pct,time_err_s,irradiance,wind_ms,solve_ms,solver_ok
0,0.0,8.0,0.0,93.96652688776935,93.87504277518714,79.5840063575038,93.87511176384302,80.0,0.09141512392632478,-0.4159936424962041,0.0,14.108470745868209,4.0,51.55219999141991,True
1,60.0,8.016666666666667,1.56803143518523,93.9300131063559,93.87496335830843,78.7196976381501,93.87513073229765,79.39267221410155,0.054882374058252026,-0.6729745759514572,0.5593294317834392,478.3714911992802,4.277774215779466,44.283099996391684,True
2,120.0,8.033333333333333,3.128756569185138,94.13200155308093,93.87494435924054,79.27339983178717,93.87518094775315,79.28614693374448,0.25682060532777484,-0.01274710195730222,-0.7987599904315914,531.5512254245401,4.452608536386684,41.55629995511845,True
3,180.0,8.05,4.6938515984998785,93.50160282296082,93.87493938460337,78.317273215385,93.87526131188726,79.1647878343057,-0.3736584889264378,-0.8475146189206981,-0.23936819009281862,507.5778218223697,2.341394273201013,43.2641000370495,True
4,240.0,8.066666666666666,6.257588208211856,93.90464983090568,93.87501031183605,78.99244584163017,93.87537725633152,79.21758987012485,0.029272574574164878,-0.2251440284946824,0.32008504295325224,543.563941284054,0.1843460151589379,40.43570003705099,True
5,300.0,8.083333333333334,7.823534327860088,93.8768153159646,93.87501601732977,78.33669177751236,93.87553597988624,78.90395662250667,0.0012793360783689423,-0.5672648449943125,0.8796242960008271,543.5607981715785,3.4202270442980356,43.80349995335564,True
6,360.0,8.1,9.388399317786611,94.2151201609566,93.87495661767421,76.3376785660311,93.87575582925625,77.48062365453283,0.3393643317003523,-1.1429450885017332,-0.47814844703441395,481.0628988477971,7.177998330089206,36.61459998693317,True
7,420.0,8.116666666666667,10.95008850577281,94.05923774918323,93.87507638786099,75.71073249347313,93.87603799480546,76.64375915252835,0.18319975437776748,-0.9330266590552156,0.08166671362346278,447.0321904492476,1.3161945403881457,37.78929996769875,True
8,480.0,8.133333333333333,12.515420769375346,93.97358677970662,93.87515486090301,74.75561011322151,93.87640805431575,76.13538927239645,0.0971787253908758,-1.3797791591749444,0.6416862962678351,488.41797787864675,5.777928963947689,37.921000039204955,True
9,540.0,8.15,14.079799668439458,93.80692903710734,93.87537264813702,73.12734554222632,93.87691048715742,75.29522703617971,-0.06998145005007927,-2.167881493953388,-0.715431055404224,536.0304741960455,0.4617221941134835,36.80599998915568,True
10,600.0,8.166666666666666,15.646420832232957,94.0720580664815,93.8756425250476,72.97515437359017,93.87754919766691,74.92427189439523,0.1945088688145944,-1.9491175208050606,-0.15478033260058055,565.9470143437655,1.7781517983395092,38.7961000087671,True
11,660.0,8.183333333333334,17.211968613054477,94.07377529500353,93.87606949815164,73.43255715989541,93.87838413966875,74.78155862843536,0.19539115533477514,-1.349001468539953,0.40633262036010365,513.3475403654746,-0.11512357136610285,38.49599999375641,True
12,720.0,8.2,18.77495748311699,93.4899972659771,93.87652801858513,73.57279365175917,93.87947871705366,74.65026384459836,-0.38948145107656273,-1.0774701928391863,0.968050186032201,488.519701211878,4.406353282115839,36.70930000953376,True
13,780.0,8.216666666666667,20.342743880301068,94.0613986375365,93.8771135245174,71.34567679165698,93.88096322017786,74.16826092384812,0.18043541735863755,-2.822584132191139,-0.3867636922402653,476.31216989017594,3.643973378491613,36.27740003867075,True
14,840.0,8.233333333333333,21.9059165155884,94.23079989807621,93.87795221657588,71.3957690597384,93.88285590339045,73.83781123916309,0.34794399468576387,-2.442042179424689,0.17681933020060114,492.2101734839203,3.139501319787784,35.75889999046922,True
15,900.0,8.25,23.47109474938343,94.3218293286444,93.8789280350739,71.07391040126427,93.88533522924732,73.5251660430454,0.4364940993970805,-2.451255641781131,0.741771058697509,504.285717472019,7.8180585389958335,36.150200001429766,True
16,960.0,8.266666666666667,25.0333625338847,93.64365048236822,93.88034616992591,70.37284782527156,93.8887033572111,73.1488736066595,-0.24505287484288374,-2.7760257813879434,-0.6086498420179396,566.7616519486438,5.407773221468408,37.37969999201596,True
17,1020.0,8.283333333333333,26.596461130882705,94.04678512639826,93.88226525928258,69.97064380997281,93.89299913958183,72.64459402997605,0.1537859868164304,-2.673950220003235,-0.039467406728931564,546.111698408309,5.910885292865435,37.14369999943301,True
18,1080.0,8.3,28.16456741346445,94.04405662510423,93.88478539141413,68.47461039313245,93.89862977624949,72.04415334597927,0.1454268488547399,-3.5695429528468168,0.5328231324413082,554.9024485804035,5.486734318774034,34.63499998906627,True
19,1140.0,8.316666666666666,29.72938657954522,94.02616052868751,93.88817102832081,67.18999582415762,93.90628699051466,71.04047863365471,0.11987353817285396,-3.8504828094970946,-0.8076216687170472,545.7182554170074,4.906679757060349,36.14199999719858,True
20,1200.0,8.333333333333334,31.29225886791406,93.90203201095734,93.89261554245299,67.14314492296641,93.91605060907055,70.51801120005192,-0.0140185981132106,-3.374866277085502,-0.22571608873931837,557.0023797530406,5.070591038815,38.03440002957359,True
21,1260.0,8.35,32.860038833511275,93.41415296310657,93.89839595856505,65.67554063396786,93.92884884742837,70.09489266915642,-0.5146958843217959,-4.419352035188567,0.3632558394137959,495.54237738657656,5.447041032018349,37.5173999927938,True
22,1320.0,8.366666666666667,34.42340278485725,93.66878930384463,93.90608058045572,64.29234866593667,93.94562309912597,69.03490157211492,-0.276833795281334,-4.742552906178247,0.961492146471528,534.5706778008008,3.526115389355207,38.112099980935454,True
23,1380.0,8.383333333333333,35.98899275221108,93.79259501500138,93.91627560882054,62.9660466050923,93.96845225158397,67.77954733854006,-0.175857236582587,-4.8135007334477535,-0.3436806984896066,554.6141288178155,5.355200857094279,45.30720005277544,True
24,1440.0,8.4,37.557513133618095,94.21212782286258,93.92966749986793,62.63919722916943,93.99760176362852,67.07199453519709,0.21452605923406054,-4.432797306027659,0.28320273413487485,568.8229198599635,5.609280650418318,42.81700000865385,True
25,1500.0,8.416666666666666,39.11843408261669,93.64627911948334,93.94727880420814,62.15341601970673,94.03581118574279,66.67444967709355,-0.3895320662594486,-4.521033657386816,0.9311199007486266,565.9829930261635,2.9127085477712984,44.436899945139885,True
26,1560.0,8.433333333333334,40.68429133585027,93.34286445936645,93.97058339950954,60.117393774599776,94.08770535024121,65.66627336945882,-0.7448408908747552,-5.548879594859045,-0.3065624378696157,579.170745525324,4.368577134134672,42.41520003415644,True
27,1620.0,8.45,42.24983183284847,93.85039472283532,94.00099708024692,58.50920489164379,94.1538716182465,64.2953202128109,-0.3034768954111797,-5.786115321167117,0.40628868592602885,503.3603403085526,6.814813013891908,41.959599999245256,True
28,1680.0,8.466666666666667,43.81563245589931,93.88282651742367,94.0409022876494,56.87933303857908,94.24049428041592,63.14211626238454,-0.35766776299225,-6.262783223805464,1.1667065438552982,578.2654548790221,4.378079349950008,47.776499995961785,True
29,1740.0,8.483333333333333,45.38052025587198,94.12709546714956,94.09375403182894,56.488426891341874,94.35802148559655,62.29468126424472,-0.23092601844699345,-5.806254372902849,0.08156250436150003,605.2099857104943,7.234091707821157,47.01280000153929,True
30,1800.0,8.5,46.951127565268145,94.21000278448774,94.16289808848424,55.811755607955234,94.50748155781756,61.902743962114336,-0.2974787733298143,-6.0909883541591014,0.9882242546229918,605.142405338668,5.037168784185508,45.90729996562004,True
31,1860.0,8.516666666666667,48.523963196871804,94.01676334315981,94.25310720006175,56.079298102419536,94.70262067798876,62.05142764453756,-0.6858573348289525,-5.972129542118026,2.001441382433768,594.6549020311896,8.032935735226985,46.61299998406321,True
32,1920.0,8.533333333333333,50.090542205755035,93.71065838310669,94.37245240865325,54.45737806496613,94.96661049450913,61.331068789898865,-1.2559521114024363,-6.873690724932736,1.2575631974114003,581.0326510786971,8.113410073404575,43.76500000944361,True
33,1980.0,8.55,51.66906434210655,94.33151029128364,94.5279577843199,54.02314039746022,95.30063679289533,60.7651168633519,-0.9691265016116972,-6.741976465891682,2.5953706364452955,605.6499210628403,5.118652112541734,42.69089997978881,True
34,2040.0,8.566666666666666,53.24250736968757,94.6119038588663,94.73296501817278,53.0776495928803,95.75067519063582,59.54358917073451,-1.1387713317695187,-6.465939577854215,2.286666762041932,564.2674181351874,3.7166641273662107,44.13359996397048,True
35,2100.0,8.583333333333334,54.81533357471004,94.53739228522883,94.99853828601816,50.216619520783375,96.31678599633906,58.28439626971533,-1.779393711110231,-8.067776748931955,4.169420547033951,593.5581424548946,5.158811595074961,36.98769997572526,True
36,2160.0,8.6,56.40070566217491,94.91173778107273,95.31879094379016,50.44128722010589,96.90793092668346,58.53570966689884,-1.9961931456107322,-8.094422446792947,4.564251062890435,616.2835007124804,0.9848217144314317,38.407100015319884,True
37,2220.0,8.616666666666667,57.99040399501155,95.55735999916992,95.61830443790181,51.04024289435874,97.1051122411002,59.206943549518186,-1.547752241930283,-8.166700655159445,5.216174879542905,616.5440605382614,6.033200663418653,38.57050003716722,True
38,2280.0,8.633333333333333,59.583312920105776,95.59263262441328,95.79043081460335,51.88683931275568,96.64747584538297,59.89872913140223,-1.054843220969687,-8.011889818646544,5.794928547226846,631.8322603322657,8.6380041613656,35.332400002516806,True
39,2340.0,8.65,61.18319133654729,95.82105799658041,95.83436925403569,51.30879661315387,96.05533612932938,59.95803449183359,-0.23427813274896891,-8.649237878679713,6.010848896251446,619.0331222747352,5.952251893031674,35.943099996075034,True
40,2400.0,8.666666666666666,62.77739238056722,95.5759015883711,95.79794303178673,50.14138194582593,95.6206956122143,59.11351577115386,-0.04479402384320963,-8.97213382532793,5.906653375703627,583.9669965287404,5.80623006166509,35.79150000587106,True
41,2460.0,8.683333333333334,64.37633021747256,95.89049704233241,95.71622212269419,47.60089579146733,95.31485528799368,57.42544510087916,0.5756417543387329,-9.824549309411829,5.569350164793832,590.0080675994931,8.693379416705124,33.45319995423779,True
42,2520.0,8.7,65.97091006149638,95.42356367159599,95.61598681080673,46.46957602553648,95.12195631307375,55.70643337615958,0.30160735852223297,-9.236857350623097,6.964544910557834,563.9751636184083,4.921959743482007,34.63880001800135,True
43,2580.0,8.716666666666667,67.56572751922633,95.74376350339921,95.51468941588844,44.385813344348044,95.01529213647392,54.01386413992627,0.7284713669252909,-9.628050795578226,6.373133705339114,660.1844534395648,4.151284788105066,35.65940004773438,True
44,2640.0,8.733333333333333,69.15661330968022,95.47715101064553,95.42706970055004,42.22678564480373,94.99553910671229,52.6765281820683,0.48161190393324205,-10.44974253726457,5.740777864182746,658.3525223955082,3.783521682405405,36.32910002488643,True
45,2700.0,8.75,70.74547955928254,95.56258850703144,95.36527342320316,41.72265793193336,95.0613410315188,52.0103929990546,0.5012474755126419,-10.28773506712124,5.122172183987914,654.1894721707164,1.9163321659923982,36.905899993143976,True
46,2760.0,8.766666666666667,72.33730774829921,95.2595382595078,95.3399793383574,41.94431440954755,95.21746837104432,51.84985121908361,0.04206988846348736,-9.90553680953606,4.572957005104854,607.1995383432585,5.683649738963392,35.4891000315547,True
47,2820.0,8.783333333333333,73.92712545949557,94.88200061915464,95.36208709853943,40.87724686387274,95.47506658408322,51.902646303000544,-0.5930659649285843,-11.025399439127803,4.153348610320336,566.3886996651896,7.857237857530318,36.59739997237921,True
48,2880.0,8.8,75.5116721213429,95.27369634667626,95.44166197702201,40.7095225793046,95.83870743826591,51.851542001356556,-0.5650110915896533,-11.142019422051959,5.81003098056317,620.170180103946,4.720636323590032,35.74069996830076,True
49,2940.0,8.816666666666666,77.10414686519553,95.72166098074347,95.59489697689612,40.29448699647658,96.35614387680593,51.592506291357175,-0.6344828960624653,-11.298019294880596,5.857313284121574,572.3030231384854,-0.0404342332903706,36.45910002524033,True
50,3000.0,8.833333333333334,78.69614949582775,95.56073580629062,95.83903333007282,38.31368235876478,97.05194460577756,49.84232089548253,-1.491208799486941,-11.52863853671775,6.276933684459891,667.9573139669019,6.603448180491049,36.36940004071221,True
51,3060.0,8.85,80.2959795439311,95.55299907526883,96.19627907292221,37.13440922978206,97.96958778138033,48.91199440385904,-2.4165887061114972,-11.777585174076982,7.184866167488508,650.8678081326927,5.956245765595937,36.5670999744907,True
52,3120.0,8.866666666666667,81.89834414679352,96.19502333483956,96.61129891683049,39.42282941692506,98.67042243576856,49.81577304466172,-2.475399100928996,-10.392943627736656,8.622364303267204,664.1154407313091,6.60042247223771,35.129399970173836,True
53,3180.0,8.883333333333333,83.5074997513056,96.38110074556245,96.98215913725558,39.099515092020276,98.82281023415177,50.73921350977102,-2.441709488589325,-11.639698417750743,10.316294674386882,609.690561690107,4.919098081053844,34.90009997040033,True
54,3240.0,8.9,85.12188785066083,96.87524720845835,97.27437851464828,38.49630773615766,98.72586599181416,51.074947347872204,-1.850618783355813,-12.578639611714543,11.989853305949964,628.7568644694375,3.914619362627432,36.43839998403564,True
55,3300.0,8.916666666666666,86.74492756615874,97.68931286764973,97.50517987544279,39.61051301397053,98.65133930243103,51.64291397713981,-0.9620264347812935,-12.03240096316928,11.826143907023834,684.1542858098496,1.68589420993733,38.80060004303232,True
56,3360.0,8.933333333333334,88.37048184571833,96.98983919085559,97.64531957316683,39.65507685167002,98.3426998755596,51.88166771131062,-1.3528606847040123,-12.226590859640602,13.336882838213114,654.0921979270139,1.7416012844047197,34.67199997976422,True
57,3420.0,8.95,89.99853944080388,97.71180525305235,97.71515192004512,39.91596777394488,98.0645906194195,52.26666204690912,-0.35278536636715785,-12.35069427296424,12.868108731343,696.4766342477045,2.3806678901895966,34.366599982604384,True
58,3480.0,8.966666666666667,91.6252650503693,97.61665470326417,97.74780559526971,40.14976376837412,97.9128663488225,52.48321709874958,-0.2962116455583299,-12.333453330375455,12.237454826025896,669.465757678968,2.61269286642957,36.44490003352985,True
59,3540.0,8.983333333333333,93.25007115137812,98.24557030037829,97.7622531585002,40.14385353609433,97.83686436449186,52.30380087156134,0.4087059358864309,-12.15994733546701,13.373985236714816,688.9679909978132,3.1488730457807446,35.527999978512526,True
60,3600.0,9.0,94.8805172400499,97.72372938319005,97.81001629255435,39.01325008003075,98.04916256164577,50.515259325390986,-0.32543317845572517,-11.502009245360235,12.709176057237528,654.1466210585024,2.934526598434509,47.047699976246804,True
61,3660.0,9.016666666666666,96.51313511379732,97.53894084188404,97.91989854238767,37.810875442396906,98.46611797511616,50.74499280944794,-0.9271771332321208,-12.934117367051037,14.086525286390952,669.0743013352371,-0.7718671473198364,50.75130000477657,True
62,3720.0,9.033333333333333,98.14581124361226,98.31983342556094,98.01180503395088,38.836104306291524,98.47005254019125,51.410119952504665,-0.15021911463030335,-12.574015646213141,13.78710342934346,692.1408760918756,1.006778458466151,50.604799995198846,True
63,3780.0,9.05,99.77779377128229,97.43678854891786,98.0971810529203,38.53216419834996,98.52294533911048,51.3408760449841,-1.086156790192618,-12.80871184663414,13.462471116869438,670.5419928797363,2.136410174643415,56.48810003185645,True
64,3840.0,9.066666666666666,101.41347078873508,98.06810547930877,98.17582448081448,38.73451987929815,98.5696188852857,51.60628839091179,-0.5015134059769366,-12.871768511613645,15.018218725370389,673.564488026192,7.945255016421944,43.42870000982657,True
65,3900.0,9.083333333333334,103.05092701010601,98.23869540256335,98.28708045378882,37.179215116058536,98.84169902141814,50.56127486311487,-0.6030036188547854,-13.382059747056331,14.818730308102658,678.082052779012,4.98168480726688,46.09519999939948,True
66,3960.0,9.1,104.68773287919234,98.11066132400447,98.43772659476876,37.30158447681057,99.18607745713946,51.1288224369749,-1.0754161331349934,-13.827237960164332,14.84656295436298,735.5147558402527,-1.3995081068416857,43.79139997763559,True
67,4020.0,9.116666666666667,106.32734861764834,98.52649397432118,98.53304422374758,39.241210329083174,99.0077658037274,51.73594684348147,-0.4812718294062108,-12.494736514398298,14.933973841468742,685.6510018634118,0.36112213601060533,39.111899968702346,True
68,4080.0,9.133333333333333,107.97023953160645,98.32275169428148,98.54487175597578,38.20130291633204,98.60818513652335,51.920537503810785,-0.2854334422418674,-13.719234587478745,16.62879023200003,670.5479049192513,7.402755367743471,42.460800032131374,True
69,4140.0,9.15,109.61208665363283,98.33784722561835,98.5317879625432,38.1343766866117,98.47064016938842,52.25465899017553,-0.13279294377007034,-14.120282303563826,16.345657980523356,700.0661057496269,8.059318374059828,52.517600008286536,True
70,4200.0,9.166666666666666,111.25520962553692,98.2857334711528,98.43970810226918,38.64360203538753,97.98695297377962,52.604690966932786,0.2987804973731727,-13.961088931545255,15.89318453579017,745.7908567619999,-0.35541521723391123,35.33530002459884,True
71,4260.0,9.183333333333334,112.89756408841701,98.8144844366332,98.30505641011382,38.899566679893894,97.6410008530208,52.31540851079646,1.173483583612395,-13.415841830902565,15.15408220847894,679.2003172551954,-0.5315538272033318,45.07519997423515,True
72,4320.0,9.2,114.53023140400327,98.19577743557628,98.18187302592113,36.768242088339,97.57533863230809,51.24750574375263,0.6204388032681862,-14.479263655413632,14.2845860486741,697.3568577606469,3.490862179996869,35.442199965473264,True
73,4380.0,9.216666666666667,116.1689498027374,98.01132061649716,98.11283414247133,34.2924569046096,97.77596030396906,49.360005103408774,0.2353603125281012,-15.067548198799173,15.298371295125435,731.6129830713036,8.298296895623023,36.20129998307675,True
74,4440.0,9.233333333333334,117.80847894828555,98.34651740220492,98.13839784126623,33.214344817636125,98.26861122466109,48.12330248143721,0.07790617754383788,-14.908957663801083,14.67922271122643,726.7752820498871,5.428267229570204,36.87680000439286,True
75,4500.0,9.25,119.44334768240766,98.49306989147405,98.29047547522384,33.02086734124588,99.04627878388158,47.61407729168254,-0.5532088924075254,-14.593209950436659,14.454465219239864,716.5026395235376,6.037275765198975,37.1028000372462,True
76,4560.0,9.266666666666666,121.08164732287456,98.01065797826715,98.49454551781754,33.068652828619165,99.51014901351984,48.385413323698245,-1.4994910352526887,-15.31676049507908,14.645466674205636,716.9087049664136,6.681255970041942,36.63729998515919,True
77,4620.0,9.283333333333333,122.72008150480914,98.75442738489338,98.65616900474937,33.51765493828511,99.46071336153152,49.38092694978828,-0.7062859766381422,-15.86327201150317,16.771678626114408,783.5712639965654,6.597485629461788,33.575400011613965,True
78,4680.0,9.3,124.36448211234446,98.66166100147439,98.69557955320721,34.79528814237085,98.89496715487259,50.79936955127873,-0.23330615339820326,-16.00408140890788,16.911123424958532,732.3650109007033,4.5820335801107746,35.66400002455339,True
79,4740.0,9.316666666666666,126.0126249080211,99.23016742634957,98.56488985301448,34.715876006480784,97.92534588790602,51.16106394125662,1.304821538443548,-16.445187934775838,16.559864988074878,756.5963327648952,6.600246579063726,34.58649996900931,True
80,4800.0,9.333333333333334,127.6497225834444,98.54864339791561,98.33076994186179,33.804496023463024,97.18047113242822,50.53713222381516,1.368172265487388,-16.73263620035214,15.663332159222591,747.336600738808,6.964868282624318,33.999000035692006,True
81,4860.0,9.35,129.29210417335986,98.64628657638688,98.05276668614594,32.201070753712145,96.68052104185685,49.18955169753963,1.9657655345300356,-16.988480943827483,14.375082065896095,741.0771054670156,3.565901610753598,35.29759997036308,True
82,4920.0,9.366666666666667,130.92836022220922,98.07838146292305,97.68820174672904,32.101683496974765,96.37329323214115,49.25309253986217,1.7050882307818966,-17.15140904288741,12.835880435931358,750.3263119148578,7.603576978361057,39.872199995443225,True
83,4980.0,9.383333333333333,132.55250150318423,97.62679745884226,97.41274134466015,32.282266495678066,96.0563674578991,49.30047945552756,1.570430000943162,-17.018212959849492,12.963927766475535,720.4501284158955,5.32160239242285,33.03130000131205,True
84,5040.0,9.4,134.18052971627426,97.01154579953516,97.13357402516043,32.144765185996064,95.75742082094835,49.63317075403008,1.2541249785868018,-17.48840556803402,11.040602316948025,779.4852466221104,2.9106034882148912,35.05319997202605,True
85,5100.0,9.416666666666666,135.79725058450742,97.03861569852133,96.86120076534412,31.54626409743905,95.52126921325538,49.28298929260582,1.5173464852659464,-17.73672519516677,10.809626826897329,781.7272600249738,4.927001770799775,34.837500017602,True
86,5160.0,9.433333333333334,137.41015548606273,97.29740809493812,96.45178547552008,31.36416786870293,95.40823684184805,49.34529682585875,1.889171253090069,-17.981128957155825,10.467930519715992,706.6150620910754,6.638144762996612,38.304599991533905,True
87,5220.0,9.45,139.0171478431912,96.36938752313468,96.27526659520925,31.29535189719122,95.41066859317847,49.28871516289087,0.9587189299562056,-17.993363265699646,10.090321545681945,743.1327564238478,4.224427096786703,35.1154999807477,True
88,5280.0,9.466666666666667,140.6257354129875,96.37902831112258,96.14958190653036,30.038480906771518,95.53440417857688,48.19288412370059,0.8446241325457038,-18.15440321692907,7.865224967488757,749.5069787851601,1.79455663641931,34.77309999288991,True
89,5340.0,9.483333333333334,142.22609035116693,96.30564813008515,96.0856817259732,27.244278907542736,95.7806519304789,45.94229259553044,0.5249961996062495,-18.698013687987704,7.640901855134871,778.2832512425603,3.3134635493798443,36.79959999863058,True
90,5400.0,9.5,143.8269066711701,96.6105463766463,96.07338314588638,27.88314777633805,96.04259458070045,46.369826654769625,0.5679517959458451,-18.486678878431576,7.600912376406086,827.5296919972332,2.630503275398593,39.84929999569431,True
91,5460.0,9.516666666666666,145.42954183853627,96.15505727076687,95.27501301136552,27.79389110866594,95.701067682759,47.06188371820214,0.4539895880078717,-19.2679926095362,7.5543463972062455,797.1156531691539,8.528586817326918,40.81769997719675,True
92,5520.0,9.533333333333333,147.0199322879603,95.12202839281339,94.93593789194176,27.141579820332122,95.27551782483654,46.96513026267514,-0.15348943202315013,-19.823550442343016,9.116174481648159,750.3032495873637,5.571353108173108,44.35879999073222,True
93,5580.0,9.55,148.60145328396612,95.11615375854362,94.22604584872548,25.776269499103947,94.9383022839465,46.705852065296064,0.17785147459711936,-20.929582566192117,8.551058833484603,848.3602197864546,6.166979841628037,55.5863999761641,True
94,5640.0,9.566666666666666,150.17048668023324,94.38734602296186,93.70662864816934,26.356271128699635,94.68827622322733,46.67925918050813,-0.30093020026546924,-20.322988051808498,9.697498718191127,744.9838130216666,4.452974579496377,41.865099978167564,True
95,5700.0,9.583333333333334,151.73146340970362,93.7291895842195,92.82944461231739,26.140886732171666,94.49113301356715,46.049559055535745,-0.761943429347653,-19.90867232336408,8.801911184296841,735.1784657293954,7.307602422870758,45.392700005322695,True
96,5760.0,9.6,153.2793304779232,92.70928951078815,92.45617732643655,23.723839765991798,94.34545885095065,45.32246368877276,-1.6361693401624962,-21.59862392278096,9.702588832896254,790.9998273604484,2.215842597035702,39.256100018974394,True
97,5820.0,9.616666666666667,154.82560106889886,92.39542357773777,92.00292343155807,23.48233795798498,94.23400676330945,44.67984931204706,-1.8385831855716788,-21.19751135406208,10.522862844396514,825.4386855309145,4.078599838852033,38.86680002324283,True
98,5880.0,9.633333333333333,156.35524849883384,92.0581742933188,91.61725719988827,23.292287734679462,94.15130224918555,44.4150031432706,-2.0931279558667484,-21.12271540859114,13.193325212590935,753.0406533811274,2.6805725419113537,41.408699995372444,True
99,5940.0,9.65,157.88649463435112,91.6018963418254,90.5069622137157,21.836269691047,94.08578030005609,43.895325416107426,-2.4838839582306917,-22.059055725060425,13.906131290819758,791.1084917479319,4.780733312345632,37.42099995724857,True
100,6000.0,9.666666666666666,159.39612125440425,90.91999015981499,90.24419196778254,22.298136453628775,94.03717550830038,43.33690234424089,-3.1171853484853926,-21.038765890612115,16.496700510789196,788.1221891395038,2.514796131519622,36.922300001606345,True
101,6060.0,9.683333333333334,160.89897276912694,90.26183648215745,90.22448992880226,21.68979568005223,93.99974256108342,42.84184094547737,-3.737906078925974,-21.15204526542514,19.061038820281283,806.8503733195811,1.3053180975251242,41.09240003162995,True
102,6120.0,9.7,162.40315771792493,90.01607015312887,88.76407072182626,20.79569004995768,93.97094746581045,42.653237286494296,-3.954877312681589,-21.857547236536615,21.60519095661948,790.7280747140649,7.160052752183372,40.72819999419153,True
103,6180.0,9.716666666666667,163.888006811983,88.87582169536344,86.57305357183333,21.545534431757744,93.9489196208237,42.777648250152104,-5.07309792546026,-21.23211381839436,24.133823496531477,834.2932496085696,11.17570299471679,41.232299990952015,True
104,6240.0,9.733333333333334,165.32922297482702,86.67183271703122,85.66846193531833,20.05746152690565,93.93250518315443,42.91565657637075,-7.260672466123211,-22.8581950494651,28.566815036549087,840.341249382665,5.774155804624544,42.134599993005395,True
105,6300.0,9.75,166.75918738662304,85.73808398766494,84.70240694961035,20.786254765617674,93.92021290840147,42.980073188527584,-8.182128920736531,-22.19381842290991,34.907733771608946,823.0561733423114,6.117776141398933,47.5383999873884,True
106,6360.0,9.766666666666666,168.17162884469596,84.4312867349647,83.82354260008856,20.989912794313444,93.91071397240583,43.20149205927441,-9.47942723744113,-22.211579264960964,41.24242973657965,790.7295412516007,6.861548710326216,46.85690003680065,True
107,6420.0,9.783333333333333,169.56772440112312,83.92337809453994,82.66490598352772,20.384050142803122,93.90338656155322,43.11250709032464,-9.980008467013278,-22.72845694752152,47.572319563651945,792.8842102437922,7.620345857376996,48.10419998830184,True
108,6480.0,9.8,170.94785996683308,82.6178573975007,80.64226505166033,19.740353812385614,93.89783030160694,42.79620807493589,-11.279972904106245,-23.055854262550277,53.89852768086257,839.2671715661605,12.370528922118016,48.69470000267029,True
109,6540.0,9.816666666666666,172.2915886036591,80.35967121823958,80.8690630428884,20.013086764518498,93.89380917527798,42.15612647313623,-13.534137957038396,-22.143039708617735,62.13901996684854,851.3413572150953,4.987502547790207,43.53570000967011,True
110,6600.0,9.833333333333334,173.64121622819042,80.73329970298843,81.4323884459145,20.25075508858061,93.89088215675889,41.31212424970536,-13.157582453770459,-21.06136916112475,70.37759604003531,851.2672243797213,5.487524465231756,41.95199999958277,True
111,6660.0,9.85,174.99209313354177,81.32712683413955,83.26125513766159,19.81806801751827,93.88889594773886,40.71085339251252,-12.561769113599311,-20.892785374994247,78.61481416598599,860.6945223932457,-0.6010454771171998,47.127700003329664,True
112,6720.0,9.866666666666667,176.3808840925085,83.2458522660255,84.19351421015492,20.3544650135262,93.88768884929657,40.527698166273794,-10.641836583271072,-20.173233152747592,84.93397281587477,863.4411223777606,2.1518322400479177,42.59719996480271,True
113,6780.0,9.883333333333333,177.7830029608727,83.71030830110452,84.8215716619018,19.96532864306556,93.88731134575123,40.2124483978793,-10.17700304464671,-20.24711975481374,91.25267226068354,774.9347986481572,2.9079030281065426,45.00779998488724,True
114,6840.0,9.9,179.19708759504564,84.96748277345954,85.16512366997108,20.240146495044797,93.88770866977447,39.40034930143202,-8.920225896314932,-19.160202806387225,97.57136936501593,813.4080466790875,6.029916443754519,44.29369996068999,True
115,6900.0,9.916666666666666,180.6195625224539,85.1044924922608,85.83921366766904,20.119727049395372,93.88894010052756,38.81823249879279,-8.78444760826676,-18.698505449397416,103.8905210873645,840.2207782210697,3.204770160196768,40.76679999707267,True
116,6960.0,9.933333333333334,182.0417732628924,86.13849876929183,85.42947367781797,19.868601636785375,93.89114405215778,38.69780349844251,-7.752645282865956,-18.829201861657136,108.29349775182618,861.7611919005142,7.56603296814089,43.32070000236854,True
117,7020.0,9.95,183.4730297004388,85.46461922333938,85.31978680981042,20.530070840214083,93.89432757876065,38.965151374221044,-8.429708355421269,-18.43508053400696,114.61513813256806,900.856735696531,5.4341865906552735,44.471100030932575,True
118,7080.0,9.966666666666667,184.89230992937695,85.87268730139856,85.48634369319647,20.065468578931572,93.89890822816372,38.79121746935948,-8.026220926765163,-18.72574889042791,119.02196184778404,867.7524759768434,4.6309125551831185,46.08709999592975,True
119,7140.0,9.983333333333334,186.31535720934525,85.32604676354913,85.99622989485498,20.172272784390884,93.90485654154153,38.594793726545575,-8.578809777992404,-18.42252094215469,125.34877603356563,844.3232317018073,0.6593372055409359,45.76549999183044,True
120,7200.0,10.0,187.75091649973436,85.75668927484224,85.81243283316483,20.4049019192778,93.9129901779965,38.676481642228666,-8.15630090315426,-18.271579722950865,129.76280806010982,829.9109097396138,3.9558793918099027,48.91829995904118,True
121,7260.0,10.016666666666666,189.1857875111231,86.02693955412636,85.66127002285624,20.31045494241308,93.92361742359914,38.984617901780695,-7.896677869472782,-18.674162959367614,134.18234366906017,770.8853593698334,2.392366704259764,55.83089997526258,True
122,7320.0,10.033333333333333,190.60882549767047,85.8811418069656,85.16518884236547,20.689314920120793,93.93698069723945,39.205164294760955,-8.055838890273847,-18.515849374640162,140.52524153670493,834.4711018321034,3.0829045422978045,217.21430000616238,True
123,7380.0,10.05,192.02667437150842,85.32194393369326,84.55736911939528,20.45103940299314,93.9547840007671,39.38235259023952,-8.632840067073843,-18.93131318724638,144.96092780393792,839.5433910818494,3.220926193971058,41.753899946343154,True
124,7440.0,10.066666666666666,193.43855072009526,84.54419506092785,83.36418720628755,21.474961574859062,93.97697484045177,39.55570828422733,-9.432779779523926,-18.080746709368267,151.32394923484117,917.8440316946932,7.0462626316634225,221.04119998402894,True
125,7500.0,10.083333333333334,194.83003883209668,83.37946819030711,83.36418720628755,21.248378739911526,94.00531342342653,39.70516379421271,-10.62584523311942,-18.456785054301182,157.70125410102992,841.124701752013,11.010776989264683,2560.2481000241823,False
126,7560.0,10.1,196.21842372778147,83.46499906558157,82.93444069498263,21.13649302636105,94.04019546927653,39.72601500336983,-10.57519640369496,-18.58952197700878,166.0109019960655,831.4191901723726,2.545498208352376,44.43449998507276,True
127,7620.0,10.116666666666667,197.60011271633908,83.56724134767988,82.93444069498263,20.546343277181837,94.08604043099629,39.35610878121128,-10.51879908331641,-18.809765504029446,172.42887225661616,772.0067646431386,3.1014491133936675,2916.2623999873176,False
128,7680.0,10.133333333333333,198.98456026885475,82.93274908716029,82.93444069498263,20.540111995541633,94.14488337678283,38.945564282505714,-11.21213428962254,-18.40545228696408,178.87635901832164,876.6686992493121,4.567073750570031,3391.50339999469,False
129,7740.0,10.15,200.36115976441192,82.9185330529156,82.93444069498263,19.84161933805031,94.21670048603792,38.49878830577881,-11.298167433122316,-18.6571689677285,187.27197807508128,841.1637532824154,4.236867075361546,3053.2185999909416,False
130,7800.0,10.166666666666666,201.74519625684027,82.48315997090583,82.93444069498263,19.988527811959507,94.31156318156243,37.77949157070546,-11.828403210656603,-17.790963758745953,193.80313095456677,891.4632159386692,5.200768271908985,3531.421900028363,False
131,7860.0,10.183333333333334,203.1252910678,83.16534966246095,82.93444069498263,20.270412843173155,94.43217196301072,36.510426714099815,-11.266822300549762,-16.24001387092666,200.39478652165053,945.4349174652946,5.704194415125661,2832.07460003905,False
132,7920.0,10.2,204.50914379356934,82.86449652999386,82.93444069498263,20.271628281597202,94.57993237459749,35.97759319721921,-11.715435844603633,-15.705964915622005,208.96645617511422,917.196497274892,6.135518412507469,2865.294100018218,False
133,7980.0,10.216666666666667,205.89338815963768,83.30841061780207,82.93444069498263,19.94381939366537,94.77393029162711,36.117612807525084,-11.465519673825042,-16.173793413859716,215.7286308167304,882.5990070021579,8.879746619667824,3015.6203000224195,False
134,8040.0,10.233333333333334,207.27551587355572,82.63195183196824,82.93444069498263,20.26108831902021,95.02045655918161,35.747717971765965,-12.388504727213373,-15.486629652745755,222.6132474925571,832.3205446566669,7.654959998915609,2956.9788000080734,False
135,8100.0,10.25,208.65597330390162,82.88242953037236,82.93444069498263,20.36234682379343,95.32085116261688,34.50061988201954,-12.438421632244513,-14.138273058226112,231.54092759384457,906.6792616772882,4.579847768280933,3427.5785999489017,False
136,8160.0,10.266666666666666,210.03998396530835,82.2761026811022,84.37803914889517,19.90205046980304,95.71302457834578,33.17051786401506,-13.436921897243579,-13.26846739421202,238.7672198595992,944.2956976136287,3.765868887779763,49.30749995401129,True
137,8220.0,10.283333333333333,211.44864558917362,83.88757077767619,84.37803914889517,20.248108036901034,96.20951960427149,32.295406417935524,-12.321948826595303,-12.04729838103449,246.23580170909372,957.6824276467893,4.678395293549476,3647.397499997169,False
138,8280.0,10.3,212.85172980049643,84.21381097926901,85.7659067154234,20.426552006791965,96.7638934080781,32.738452161735346,-12.550082428809091,-12.31190015494338,254.00192978167797,883.0573669195708,5.728287764587843,47.10139997769147,True
139,8340.0,10.316666666666666,214.27978763879713,86.0117473429244,85.7659067154234,20.194057216111126,97.02119550242142,33.12857552647305,-11.009448159497026,-12.934518310361923,260.1273985499229,864.9031225947747,7.1588126059892145,3102.0532000111416,False
140,8400.0,10.333333333333334,215.71029942641619,85.38152039823748,85.7659067154234,20.05303414801939,97.39730203617566,32.27945116459126,-12.015781637938176,-12.226417016571869,268.2687494476677,871.8656018358199,1.5060807623966816,3696.359299996402,False
141,8460.0,10.35,217.1369282276601,85.48966557977276,85.7659067154234,21.347585450324587,97.98592132832927,31.581035118167893,-12.496255748556507,-10.233449667843306,274.8198966955706,863.0147502561674,5.683764675096976,3159.7273999941535,False
142,8520.0,10.366666666666667,218.57029676050786,86.01408004403697,85.7659067154234,21.233421456246138,98.3643627331374,32.32068245268543,-12.350282689100425,-11.087260996439294,283.4987690986636,989.843447332177,8.398959491687279,3346.521500032395,False
143,8580.0,10.383333333333333,219.99920198715265,85.31049045560763,85.7659067154234,20.88115750509875,98.30625102252026,33.01677228654582,-12.995760566912622,-12.135614781447075,290.4358275409468,941.0518575417132,5.064418728343827,2685.190499993041,False
144,8640.0,10.4,221.42613613500765,85.68124869867982,85.7659067154234,22.16037299233303,97.80674205986902,33.54474878095724,-12.1254933611892,-11.384375788624212,297.2192598751444,1001.825429173175,3.922296111113002,3876.5988999512047,False
145,8700.0,10.416666666666666,222.85425906643928,86.17832912287184,85.7659067154234,23.00260416583574,97.37485872111124,33.75810345854356,-11.196529598239394,-10.755499292707817,305.57034929103975,950.2408994638977,4.963319072031932,3117.195900005754,False
146,8760.0,10.433333333333334,224.28597032165933,85.4446487376777,85.7659067154234,22.69140054962768,96.9897714186411,34.30947693429921,-11.545122680963402,-11.618076384671532,311.87444299608615,935.6400316364594,2.872280632609563,3158.510799985379,False
147,8820.0,10.45,225.71342556754612,85.81647479103002,84.92604785911234,22.834656432101486,96.35590784322905,34.791474063155185,-10.53943305219903,-11.956817631053699,319.7423926827032,860.2301772614683,4.293329288075985,50.398899998981506,True
148,8880.0,10.466666666666667,227.13311655394548,84.55347877621398,84.39090311194337,23.410735033590427,95.82645687690643,35.22845149222793,-11.272978100692455,-11.817716458637506,325.41798176018347,875.3871070536597,3.6883074667011067,54.03320002369583,True
149,8940.0,10.483333333333334,228.53898340565536,84.59014679960724,84.39090311194337,24.019569971627327,95.42673399091274,35.41738910791227,-10.836587191305497,-11.397819136284944,332.7123518079279,920.0707558009886,3.7093556520150877,3010.2247999748215,False
150,9000.0,10.5,229.94632539044775,84.45010228556448,83.1043166411736,23.639162272205166,95.11393153614326,34.801161188360595,-10.663829250578772,-11.16199891615543,339.80965715381353,966.2637071983061,6.263179476965367,49.677399976644665,True
151,9060.0,10.516666666666666,231.32721578809526,83.05737355182775,82.9036849829912,23.32282946007892,94.87301524615252,34.629072805282235,-11.815641694324768,-11.306243345203313,346.7527668886305,1023.4004540387955,0.615233717869487,45.95900001004338,True
152,9120.0,10.533333333333333,232.71720840861582,83.00687306788015,82.9036849829912,23.05752085633836,94.69533458829581,34.2885983645,-11.688461520415657,-11.231077508161636,355.4779003243875,877.5876300808085,0.7871954733067247,3622.036000015214,False
153,9180.0,10.55,234.09080401506435,82.52251867209299,82.00031474187912,22.639372348773037,94.55832287560409,33.770501361746,-12.035804203511105,-11.131129012972963,362.2153321664264,947.660038745812,3.253252756089474,51.385900005698204,True
154,9240.0,10.566666666666666,235.46378340369694,81.5357691701707,80.50203767596805,21.09878068057705,94.46459449674673,32.945638752338745,-12.928825326576032,-11.846858071761694,370.79233301256863,933.8804468533624,3.9746409796517588,48.17449999973178,True
155,9300.0,10.583333333333334,236.80517021117976,80.41136840902267,80.50203767596805,21.16964766855639,94.4030543740994,32.058378880075,-13.991685965076726,-10.888731211518607,379.3269798544079,960.0454040722016,0.9330719572652411,3266.7553999926895,False
156,9360.0,10.6,238.14763664325224,80.2730150603949,80.50203767596805,19.812127159861003,94.37141721879081,30.780787317354047,-14.098402158395913,-10.968660157493044,387.83603945652794,922.689046995334,5.845267060460493,2674.051199981477,False
157,9420.0,10.616666666666667,239.48636718925698,80.27009060550087,80.50203767596805,19.30650500664068,94.3670190393349,29.156047089700632,-14.096928433834037,-9.849542083059951,396.3349785570026,1006.7512739265297,3.8781212607040376,3769.3133000284433,False
158,9480.0,10.633333333333333,240.83105636735093,80.46522352199973,80.50203767596805,20.543036698714616,94.38994766475385,28.115057568149325,-13.924724142754116,-7.572020869434709,404.83870504741026,967.8489316553304,-1.7407968779518992,3691.2848000065424,False
159,9540.0,10.65,242.17237537826202,80.60178773178306,82.26108144891967,20.11206053737173,94.4393006294973,26.702347125868265,-13.837512897714234,-6.590286588496536,415.268404808945,980.9718356488479,0.982043649616604,41.829399997368455,True
160,9600.0,10.666666666666666,243.5439275795368,82.50169443564391,84.1188980460318,20.005723674647818,94.52460284021186,25.36016774792814,-12.022908404567943,-5.354444073280323,421.92234388494217,977.2160098376864,2.3084201051917623,45.31649994896725,True
161,9660.0,10.683333333333334,244.93729891555415,83.67909994177087,85.88028012447779,19.370994551738455,94.6488686666,24.809866937146964,-10.969768724829123,-5.438872385408509,428.6346864113857,948.4577614965722,-0.26981141595960706,46.03239998687059,True
162,9720.0,10.7,246.37228158180383,85.87618764976904,86.80736314832609,21.563060091055245,94.71225561475363,25.31758657143049,-8.836067964984593,-3.754526480375244,435.4139481865677,928.0778523831078,5.2428041083146715,50.25339999701828,True
163,9780.0,10.716666666666667,247.81682683139888,86.70893714366792,87.02371492304921,20.279443330244842,94.7354130134828,25.45506319008298,-8.026475869814874,-5.1756198598381395,440.3035490325219,959.7866835404834,6.625582559920637,56.24409997835755,True
164,9840.0,10.733333333333334,249.2693853658085,87.145087730617,87.02371492304921,19.72985109609025,94.81247307945156,25.109583993159912,-7.667385348834557,-5.379732897069662,445.2216030251766,945.7719343717262,9.477453703304539,2351.8858999595977,False
165,9900.0,10.75,250.72345103747568,86.8113756271203,87.76679649204078,19.81545597752219,94.9491722697288,25.375014323073508,-8.137796642608507,-5.5595583455513164,450.2008499835338,1013.5137898469407,4.089239338508724,40.70309997769073,True
166,9960.0,10.766666666666666,252.18222222039714,87.57682205956276,87.76679649204078,20.01757070028076,95.1615897727715,25.19490115262854,-7.584767713208748,-5.177330452347778,453.3857456261976,935.5793982345044,8.787842031771262,2924.0840999991633,False
167,10020.0,10.783333333333333,253.64137233946548,87.5639418856296,89.0336504078799,20.038014290653358,95.44732869823889,24.11134568793016,-7.883386812609288,-4.073331397276803,458.6068390543005,929.6073187381488,3.1883720146270367,41.701900016050786,True
168,10080.0,10.8,255.12394559010815,89.26226265119301,90.16369147037008,20.314975228090915,95.7882099350488,24.24772298195914,-6.5259472838557855,-3.932747753868224,464.0155554681405,913.1181870804237,2.036527284236519,43.317000032402575,True
169,10140.0,10.816666666666666,256.6263820443705,89.7529198257375,91.0806915964809,21.392458027916195,95.6667003371479,25.01222529745661,-5.913780511410408,-3.6197672695404144,465.75374843233476,1012.6849884031793,1.6144142276476166,47.47499997029081,True
170,10200.0,10.833333333333334,258.14337087876095,90.70641769799283,91.36680687976833,21.655790981713935,95.4653866971208,25.509940284246913,-4.758968999127973,-3.854149302532978,469.2447121162586,997.2865424111613,4.852734983945263,53.911799972411245,True
171,10260.0,10.85,259.66777706590597,91.01579918119407,92.03589666559776,22.471750870801813,95.3685086957457,25.808420235804803,-4.352709514551634,-3.33666936500299,472.6469431845089,998.7542001831422,-1.0441005525735574,44.66109996428713,True
172,10320.0,10.866666666666667,261.19926479059245,91.64887850254038,92.59026233475161,22.22810190472014,95.37257544324547,25.89225455489045,-3.723696940705082,-3.6641526501703083,474.1331616297848,974.4797682720417,1.9347892514007987,38.0386000033468,True
173,10380.0,10.883333333333333,262.7495250046217,91.681912505351,92.79191791861737,22.70861902525594,95.21641298347113,26.431103257512063,-3.534500478120137,-3.722484232256125,475.6037119435732,926.0388946183424,3.8555759637624334,45.72410002583638,True
174,10440.0,10.9,264.29057047576026,92.28406473966382,93.15792816866117,21.597697672071604,94.98663242328539,25.745851845276547,-2.7025676836215666,-4.148154173204944,476.9274460595552,951.5330385358036,-2.0511816963355542,43.1512999930419,True
175,10500.0,10.916666666666666,265.84240573665636,92.77847188662214,92.90137972628258,20.125624717410464,94.83604729853974,24.703325950093124,-2.057575411917597,-4.57770123268266,478.1333707120357,952.030601056422,6.915160716508706,43.87129994574934,True
176,10560.0,10.933333333333334,267.3955909615086,93.089371423123,93.11920293158907,19.709520460368353,94.75455944520535,24.323637856302394,-1.6651880220823472,-4.614117395934041,479.2670064152371,1028.4725035322617,4.73865337070767,44.72919995896518,True
177,10620.0,10.95,268.94021211757814,93.06522204576362,92.74459162315499,19.679848343752287,94.73665423650206,24.58613146920167,-1.671432190738443,-4.906283125449384,480.3693080210578,1043.817229407914,7.576653407309288,44.70469994703308,True
178,10680.0,10.966666666666667,270.48707138347663,92.44584043747057,92.74459162315499,20.386871956562445,94.78113486979433,24.88536865286488,-2.3352944323237637,-4.4984966963024355,481.47923510390865,1043.4585537967357,10.087240447883906,3464.7123999893665,False
179,10740.0,10.983333333333334,272.0346258580647,92.36539626179253,92.49379818361942,20.65168500647488,94.89107016190155,24.629255485877977,-2.5256739001090267,-3.977570479403095,482.63626329791805,996.6054154445983,6.757448065540543,43.291900015901774,True
180,10800.0,11.0,273.57662346207786,92.49407661993018,92.49379818361942,21.04213709590568,95.07396058003161,24.523042447432505,-2.5798839601014265,-3.4809053515268253,483.88291919025323,919.5039628315384,5.477843610002279,3773.828900011722,False
181,10860.0,11.016666666666666,275.11680176410516,92.56349085533564,92.49379818361942,20.43102276489876,95.07928552621597,25.140151094304393,-2.515794670880325,-4.709128329405633,487.110506934112,988.259377032463,6.857826208759547,3746.2333999574184,False
182,10920.0,11.033333333333333,276.65966245026124,92.34756719358766,92.61306945672612,20.723509611278985,94.99444870378923,25.305734604415804,-2.646881510201567,-4.582224993136819,488.3929833084985,993.9188091463272,1.8258022647342598,43.15719997975975,True
183,10980.0,11.05,278.204545340657,92.57462415471178,92.61306945672612,20.01104574326897,94.98988421575216,25.373341488814756,-2.415260061040371,-5.3622957455457865,489.64713059734095,988.0635503899574,3.014378821334375,4012.6197999925353,False
184,11040.0,11.066666666666666,279.74828884653823,92.53676964071359,92.78044082083957,20.102978625040546,95.06534820512067,25.714647514260523,-2.528578564407084,-5.6116688892199775,490.922265501571,1061.3202238563322,1.5647866760267997,41.841200029011816,True
185,11100.0,11.083333333333334,281.29060898575943,92.93133791099075,91.97603246543223,20.805006851092237,95.22594327315593,25.850263260562194,-2.2946053621651856,-5.045256409469957,492.26904133099015,1053.7271662296594,5.205378858220447,41.06949997367337,True
186,11160.0,11.1,282.827250323346,92.13487798101193,92.47830867548055,20.52472904641641,95.48236267903056,25.509046084639575,-3.347484698018633,-4.984317038223164,493.7425412531484,945.00812173517,-0.2986192266405533,40.96010001376271,True
187,11220.0,11.116666666666667,284.3694735852121,92.68806028524268,92.65896849898544,20.601173265099625,95.83794600928928,25.835950787698376,-3.149885724046598,-5.234777522598751,497.28363696527776,1008.0037006085444,0.7312456374144825,44.13080000085756,True
188,11280.0,11.133333333333333,285.9111742957965,93.31729203997243,92.88807925422043,21.10690854714177,96.12851879192256,26.18266530986594,-2.81122675195013,-5.075756762724168,499.1404037572229,992.4307521048054,-0.18839878146010314,43.32979995524511,True
189,11340.0,11.15,287.45834275607496,93.0006050270567,92.87180172704211,20.0908388888558,96.56704446773882,25.45602163353438,-3.5664394406821316,-5.365182744678581,501.2123624916658,1044.060956580946,1.8103494409459715,46.57129995757714,True
190,11400.0,11.166666666666666,289.00849715223274,92.71012698178951,92.87180172704211,19.503111918189575,97.15934707339682,25.550856286023848,-4.449220091607302,-6.047744367834273,503.59651924798527,1001.0166530930179,5.044295646606704,3758.291999984067,False
191,11460.0,11.183333333333334,290.55701136772313,92.30157234745408,92.87180172704211,21.177794833733017,97.3667978201308,26.397338795597385,-5.065225472676715,-5.2195439618643675,506.2545941402004,1013.406108298968,4.258338859462984,2952.9478999902494,False
192,11520.0,11.2,292.1015846672371,93.33400973575479,92.87180172704211,21.159077385112575,97.28229131492782,27.040447977842863,-3.9482815791730275,-5.881370592730288,508.9274458989694,1042.611151802607,7.793258878294636,2338.727399997879,False
193,11580.0,11.216666666666667,293.650234667211,92.84108788798177,90.30732215963057,21.806171861578772,96.72742366581551,27.750801740022453,-3.886335777833736,-5.944629878443681,511.43781720871266,1026.2758793169933,9.177103280087382,45.31329998280853,True
194,11640.0,11.233333333333334,295.1589718969593,90.341744538256,88.42867609011516,21.086457534980585,96.0910966941072,27.250168245599387,-5.749352155851199,-6.163710710618801,515.4252130618916,1010.1547406894958,7.308449984685776,46.03490000590682,True
195,11700.0,11.25,296.6353748489772,89.04275529495636,87.16651091406753,19.877205281147823,95.59491895842424,26.227510597314758,-6.55216366346788,-6.350305316166935,519.0817209778597,995.9283272351199,6.9530477781394335,44.355700025334954,True
196,11760.0,11.266666666666666,298.0853474671287,86.93542189499887,86.34650864399372,19.880796988920377,95.22019983673526,25.122707510796584,-8.284777941736394,-5.241910521876207,524.3681951910767,1123.1535819049323,8.271849832908892,48.7550999969244,True
197,11820.0,11.283333333333333,299.5304459406623,86.36106371368945,86.38213306834005,20.19500905725568,94.92795713331644,24.229770497804513,-8.566893419626993,-4.034761440548831,529.4630161071673,1038.0881381513248,6.431241693855685,47.889199981000274,True
198,11880.0,11.3,300.9687523426736,86.8842497272319,87.72463393312607,20.036678929610886,94.70853837146538,23.71659636359711,-7.8242886442334765,-3.6799174339862226,536.3083137918511,1051.7491339587136,1.2760993867889372,39.00509997038171,True
199,11940.0,11.316666666666666,302.4262656448265,87.55702527035805,88.4483708948098,19.597668952346844,94.52685653414623,23.422741996240486,-6.96983126378818,-3.825073043893642,539.2358391107391,1007.4902761763511,2.577529954907635,42.55620000185445,True
200,12000.0,11.333333333333334,303.8994443719341,88.23630789098151,88.61755831061679,20.260624444323494,94.39379877537087,23.53296649722728,-6.157490884389361,-3.272342052903788,543.9741032739857,1067.4675401738825,5.128209174484695,44.71799999009818,True
201,12060.0,11.35,305.3806430314032,88.14478750423149,88.4525505553726,20.378987483562675,94.29095007346365,24.057584897394943,-6.14616256923216,-3.678597413832268,546.7351642195044,1005.5100661314458,5.482769740086231,42.706299980636686,True
202,12120.0,11.366666666666667,306.85529349746,88.77746707296575,88.90157458015453,20.001228985614844,94.21868306501683,23.887904218802188,-5.4412159920510845,-3.8866752331873435,551.3529075072311,1033.5120222216997,2.703640038125971,49.38639997271821,True
203,12180.0,11.383333333333333,308.33752540872035,88.86494490859928,89.02765580467164,20.008057113949004,94.16748979445289,23.115673997839416,-5.302544885853607,-3.1076168838904117,554.0232985681669,1098.6181275545177,5.626720515010744,45.197099971119314,True
204,12240.0,11.4,309.82103957392815,89.26824295270312,89.75264988775197,20.074530013721215,94.13751933936459,22.533724879006552,-4.869276386661468,-2.459194865285337,558.5807513109557,1062.0166125351013,2.906428977713192,52.72089998470619,True
205,12300.0,11.416666666666666,311.31433120068965,90.05824445205262,90.34660886409316,19.929186655497308,94.12443009847374,22.87731494927783,-4.066185646421118,-2.948128293780524,561.2130858652399,983.5678751864988,2.188490694653066,70.37160004256293,True
206,12360.0,11.433333333333334,312.8151904409765,90.22210522300372,90.80349573142801,20.041773149161052,94.12876215272853,23.077003434030967,-3.9066569297248037,-3.0352302848699146,563.8426408584401,988.7273587480646,2.5255645912307325,76.26870000967756,True
207,12420.0,11.45,314.3301733606567,90.72290423747688,90.82694069586003,21.325847873320544,94.15214505182324,23.030958375048684,-3.4292408143463575,-1.7051105017281394,564.5682843594004,959.7983980063414,7.9844625319584,55.62240001745522,True
208,12480.0,11.466666666666667,315.8423366331412,91.05654643186064,91.27118099300975,20.052249810398337,94.19450046751483,22.741551706934228,-3.1379540356541895,-2.6893018965358912,567.2257257438414,1019.5312532167037,2.89016512630248,63.669900002423674,True
209,12540.0,11.483333333333334,317.364904607649,91.60897400444338,91.64066943273727,19.495968072391424,94.2590393980325,22.722760387324513,-2.6500653935891165,-3.226792314933089,569.9152522106633,1042.0849470398937,2.972554299309009,60.24299998534843,True
210,12600.0,11.5,318.89222384516546,91.75966106805151,91.85884311489711,20.438282470858695,94.28282732824017,23.2994422742723,-2.5231662601886597,-2.8611598034136065,570.7373152960517,1045.1886289617328,3.974289229862584,50.58769998140633,True
211,12660.0,11.516666666666666,320.4241650976497,92.21132869440432,91.96265523563345,20.607571278748996,94.18982512771096,23.655295835777075,-1.9784964333066455,-3.0477245570280793,573.4342933118241,1029.3091291051749,4.581742878901894,63.324700051452965,True
212,12720.0,11.533333333333333,321.95676913351735,91.57010884171251,92.02508529081956,20.71906139246515,94.11691803224737,23.748914325548004,-2.5468091905348587,-3.0298529330828536,574.169003592533,1024.969080261237,4.378384137306891,68.29619995551184,True
213,12780.0,11.55,323.4906132542258,91.75221573372738,92.26658851158015,20.244696108095724,94.06207315049834,23.21404781612473,-2.309857416770953,-2.9693517080290057,574.8634919573997,993.3190299041703,2.4744271626950254,71.9937999965623,True
214,12840.0,11.566666666666666,325.0302100610751,92.44429763901655,92.52993399319233,20.750177028655127,94.02132229834035,22.95541554252872,-1.577024659323797,-2.205238513873592,575.5278566760098,1035.4877725636234,-0.3596577546627605,56.78939999779686,True
215,12900.0,11.583333333333334,326.56791937657823,92.49910846412185,92.70243594964008,20.710483930601534,93.99250380920331,22.833906990838393,-1.493395345081467,-2.12342306023686,578.0850756189047,1082.9237948940865,4.483317693668137,62.66049999976531,True
216,12960.0,11.6,328.11620650375653,92.34753855147177,92.86395789501553,19.933347653955757,93.97158603876899,22.72126312664835,-1.6240474872972186,-2.7879154726925925,578.711807779353,1032.224549681726,4.2927886384180365,80.26139996945858,True
217,13020.0,11.616666666666667,329.6643591795888,93.59775395616789,93.03113044146727,19.33983238884219,93.9581711076082,22.139036116804313,-0.36041715144030206,-2.799203727962123,579.327692660283,1079.2282066652888,5.096883641953571,81.36090001789853,True
218,13080.0,11.633333333333333,331.21260554230815,93.3158570553962,93.18535951673186,20.022142862218967,93.9512751988514,21.484368605950692,-0.6354181434552117,-1.4622257437317252,579.9371433850301,1088.099008206929,3.395281780541643,61.68959999922663,True
